scenario        , approach                  , approach_wt, approach_ct, approach_gt,   frame_wt ,   frame_ct ,   frame_gt ,         dt ,  buffer_wt ,  buffer_ct ,  buffer_gt ,  buffer_ge ,  upload_wt ,  upload_ct ,  upload_gt ,  upload_ge ,   clear_wt ,   clear_ct ,   clear_gt ,   clear_ge ,    draw_wt ,    draw_ct ,    draw_gt ,    draw_ge ,    pres_wt ,    pres_ct ,    pres_gt ,    pres_ge
sublime         , 1rect_1draw               ,   30.477ms ,   31.250ms ,    1.802ms ,   29.762ms ,   31.250ms ,    1.641ms ,    0.006ms ,    0.001ms ,    0.000ms ,    0.005ms ,    0.000ms ,    0.003ms ,    0.000ms ,    0.015ms ,    0.001ms ,    0.014ms ,    0.000ms ,    0.043ms ,    0.033ms ,    1.655ms ,    0.000ms ,    0.421ms ,    0.411ms ,   28.089ms ,   31.250ms ,    1.157ms ,    1.146ms
sublime         , simple_vbo                ,   10.220ms ,   31.250ms ,    0.480ms ,    0.297ms ,    0.000ms ,    0.301ms ,    0.004ms ,    0.169ms ,    0.000ms ,    0.005ms ,    0.000ms ,    0.082ms ,    0.000ms ,    0.011ms ,    0.001ms ,    0.003ms ,    0.000ms ,    0.048ms ,    0.034ms ,    0.005ms ,    0.000ms ,    0.089ms ,    0.075ms ,    0.038ms ,    0.000ms ,    0.148ms ,    0.138ms
sublime         , simple_vbo_stor           ,    0.722ms ,    0.000ms ,    0.476ms ,    0.157ms ,    0.000ms ,    0.307ms ,    0.003ms ,    0.037ms ,    0.000ms ,    0.005ms ,    0.000ms ,    0.056ms ,    0.000ms ,    0.019ms ,    0.008ms ,    0.003ms ,    0.000ms ,    0.048ms ,    0.034ms ,    0.011ms ,    0.000ms ,    0.089ms ,    0.075ms ,    0.050ms ,    0.000ms ,    0.146ms ,    0.136ms
sublime         , complete_vbo              ,   21.809ms ,   31.250ms ,    0.519ms ,    0.760ms ,    0.000ms ,    0.353ms ,    0.005ms ,    0.373ms ,    0.000ms ,    0.005ms ,    0.000ms ,    0.286ms ,    0.000ms ,    0.011ms ,    0.001ms ,    0.003ms ,    0.000ms ,    0.048ms ,    0.034ms ,    0.024ms ,    0.000ms ,    0.141ms ,    0.128ms ,    0.074ms ,    0.000ms ,    0.147ms ,    0.138ms
sublime         , one_ssbo                  ,   22.574ms ,   31.250ms ,    0.555ms ,    0.165ms ,    0.000ms ,    0.354ms ,    0.004ms ,    0.038ms ,    0.000ms ,    0.005ms ,    0.000ms ,    0.060ms ,    0.000ms ,    0.011ms ,    0.001ms ,    0.010ms ,    0.000ms ,    0.044ms ,    0.034ms ,    0.020ms ,    0.000ms ,    0.148ms ,    0.134ms ,    0.037ms ,    0.000ms ,    0.146ms ,    0.136ms
sublime         , ssbo_instr_list           ,   40.721ms ,   93.750ms ,    0.535ms ,    0.100ms ,    0.000ms ,    0.366ms ,    0.004ms ,    0.027ms ,    0.000ms ,    0.005ms ,    0.000ms ,    0.026ms ,    0.000ms ,    0.011ms ,    0.001ms ,    0.003ms ,    0.000ms ,    0.044ms ,    0.034ms ,    0.007ms ,    0.000ms ,    0.159ms ,    0.145ms ,    0.037ms ,    0.000ms ,    0.147ms ,    0.137ms
sublime         , ssbo_inlined_instr_6      ,  131.320ms ,  250.000ms ,    0.599ms ,    0.283ms ,    0.000ms ,    0.415ms ,    0.004ms ,    0.162ms ,    0.000ms ,    0.005ms ,    0.000ms ,    0.057ms ,    0.000ms ,    0.010ms ,    0.001ms ,    0.004ms ,    0.000ms ,    0.047ms ,    0.034ms ,    0.016ms ,    0.000ms ,    0.207ms ,    0.193ms ,    0.044ms ,    0.000ms ,    0.146ms ,    0.136ms
sublime         , ssbo_inlined_instr_4_4    ,   96.213ms ,  187.500ms ,    0.622ms ,    0.127ms ,    0.000ms ,    0.388ms ,    0.004ms ,    0.039ms ,    0.000ms ,    0.005ms ,    0.000ms ,    0.032ms ,    0.000ms ,    0.010ms ,    0.001ms ,    0.002ms ,    0.000ms ,    0.048ms ,    0.035ms ,    0.018ms ,    0.000ms ,    0.176ms ,    0.166ms ,    0.036ms ,    0.000ms ,    0.150ms ,    0.140ms
sublime         , ssbo_inlined_instr_6_6    ,   10.200ms ,   31.250ms ,    0.566ms ,    0.203ms ,    0.000ms ,    0.409ms ,    0.004ms ,    0.070ms ,    0.000ms ,    0.005ms ,    0.000ms ,    0.071ms ,    0.000ms ,    0.010ms ,    0.001ms ,    0.003ms ,    0.000ms ,    0.047ms ,    0.034ms ,    0.017ms ,    0.000ms ,    0.202ms ,    0.189ms ,    0.042ms ,    0.000ms ,    0.145ms ,    0.136ms
sublime         , ssbo_inlined_instr_8_8    ,  169.520ms ,  343.750ms ,    0.599ms ,    0.197ms ,    0.000ms ,    0.434ms ,    0.003ms ,    0.076ms ,    0.000ms ,    0.005ms ,    0.000ms ,    0.061ms ,    0.000ms ,    0.010ms ,    0.001ms ,    0.003ms ,    0.000ms ,    0.048ms ,    0.035ms ,    0.019ms ,    0.000ms ,    0.224ms ,    0.215ms ,    0.038ms ,    0.000ms ,    0.147ms ,    0.139ms
sublime         , ssbo_inlined_instr_10_10  ,  219.700ms ,  437.500ms ,    0.704ms ,    0.337ms ,    0.000ms ,    0.458ms ,    0.004ms ,    0.192ms ,    0.000ms ,    0.005ms ,    0.000ms ,    0.087ms ,    0.000ms ,    0.010ms ,    0.001ms ,    0.002ms ,    0.000ms ,    0.047ms ,    0.034ms ,    0.017ms ,    0.000ms ,    0.249ms ,    0.241ms ,    0.039ms ,    0.000ms ,    0.147ms ,    0.138ms
sublime         , ssbo_inlined_instr_20_20  ,  159.078ms ,  312.500ms ,    1.332ms ,    0.420ms ,    0.000ms ,    1.154ms ,    0.004ms ,    0.201ms ,    0.000ms ,    0.005ms ,    0.000ms ,    0.161ms ,    0.000ms ,    0.010ms ,    0.001ms ,    0.003ms ,    0.000ms ,    0.043ms ,    0.034ms ,    0.010ms ,    0.000ms ,    0.949ms ,    0.545ms ,    0.045ms ,    0.000ms ,    0.147ms ,    0.136ms
sublime         , ssbo_inlined_instr_4_6    ,    9.489ms ,   31.250ms ,    0.578ms ,    0.214ms ,    0.000ms ,    0.410ms ,    0.004ms ,    0.111ms ,    0.000ms ,    0.005ms ,    0.000ms ,    0.042ms ,    0.000ms ,    0.011ms ,    0.001ms ,    0.003ms ,    0.000ms ,    0.048ms ,    0.034ms ,    0.017ms ,    0.000ms ,    0.200ms ,    0.191ms ,    0.041ms ,    0.000ms ,    0.146ms ,    0.136ms
sublime         , ssbo_inlined_instr_4_8    ,    9.360ms ,    0.000ms ,    0.606ms ,    0.145ms ,    0.000ms ,    0.435ms ,    0.003ms ,    0.042ms ,    0.000ms ,    0.005ms ,    0.000ms ,    0.048ms ,    0.000ms ,    0.011ms ,    0.001ms ,    0.002ms ,    0.000ms ,    0.048ms ,    0.034ms ,    0.017ms ,    0.000ms ,    0.225ms ,    0.215ms ,    0.036ms ,    0.000ms ,    0.146ms ,    0.137ms
sublime         , ssbo_inlined_instr_4_10   ,   10.384ms ,   31.250ms ,    0.612ms ,    0.140ms ,    0.000ms ,    0.467ms ,    0.004ms ,    0.042ms ,    0.000ms ,    0.005ms ,    0.000ms ,    0.045ms ,    0.000ms ,    0.011ms ,    0.001ms ,    0.002ms ,    0.000ms ,    0.048ms ,    0.034ms ,    0.017ms ,    0.000ms ,    0.256ms ,    0.242ms ,    0.034ms ,    0.000ms ,    0.146ms ,    0.137ms
sublime         , ssbo_inlined_instr_4_20   ,   11.056ms ,    0.000ms ,    0.885ms ,    0.163ms ,    0.000ms ,    0.729ms ,    0.003ms ,    0.041ms ,    0.000ms ,    0.005ms ,    0.000ms ,    0.059ms ,    0.000ms ,    0.011ms ,    0.001ms ,    0.008ms ,    0.000ms ,    0.048ms ,    0.034ms ,    0.013ms ,    0.000ms ,    0.518ms ,    0.504ms ,    0.042ms ,    0.000ms ,    0.147ms ,    0.137ms
sublime         , ssbo_inlined_instr_6_4    ,   10.902ms ,   31.250ms ,    0.523ms ,    0.202ms ,    0.000ms ,    0.388ms ,    0.004ms ,    0.073ms ,    0.000ms ,    0.005ms ,    0.000ms ,    0.079ms ,    0.000ms ,    0.011ms ,    0.001ms ,    0.003ms ,    0.000ms ,    0.048ms ,    0.034ms ,    0.007ms ,    0.000ms ,    0.177ms ,    0.168ms ,    0.040ms ,    0.000ms ,    0.146ms ,    0.136ms
sublime         , ssbo_inlined_instr_8_4    ,   10.383ms ,    0.000ms ,    0.577ms ,    0.232ms ,    0.000ms ,    0.393ms ,    0.005ms ,    0.080ms ,    0.000ms ,    0.005ms ,    0.000ms ,    0.080ms ,    0.000ms ,    0.011ms ,    0.001ms ,    0.003ms ,    0.000ms ,    0.048ms ,    0.034ms ,    0.024ms ,    0.000ms ,    0.182ms ,    0.168ms ,    0.045ms ,    0.000ms ,    0.147ms ,    0.138ms
sublime         , ssbo_inlined_instr_10_4   ,   11.330ms ,   31.250ms ,    0.605ms ,    0.396ms ,    0.000ms ,    0.386ms ,    0.004ms ,    0.236ms ,    0.000ms ,    0.005ms ,    0.000ms ,    0.090ms ,    0.000ms ,    0.011ms ,    0.001ms ,    0.003ms ,    0.000ms ,    0.048ms ,    0.034ms ,    0.020ms ,    0.000ms ,    0.176ms ,    0.166ms ,    0.047ms ,    0.000ms ,    0.146ms ,    0.136ms
sublime         , ssbo_inlined_instr_20_4   ,   10.929ms ,   31.250ms ,    0.551ms ,    0.491ms ,    0.000ms ,    0.388ms ,    0.006ms ,    0.228ms ,    0.000ms ,    0.005ms ,    0.000ms ,    0.181ms ,    0.000ms ,    0.010ms ,    0.001ms ,    0.004ms ,    0.000ms ,    0.049ms ,    0.034ms ,    0.021ms ,    0.000ms ,    0.177ms ,    0.167ms ,    0.057ms ,    0.000ms ,    0.147ms ,    0.137ms
sublime         , ssbo_instr_combo_4        ,   11.138ms ,    0.000ms ,    0.809ms ,    0.150ms ,    0.000ms ,    0.393ms ,    0.004ms ,    0.067ms ,    0.000ms ,    0.005ms ,    0.000ms ,    0.031ms ,    0.000ms ,    0.011ms ,    0.001ms ,    0.005ms ,    0.000ms ,    0.044ms ,    0.034ms ,    0.008ms ,    0.000ms ,    0.182ms ,    0.167ms ,    0.039ms ,    0.000ms ,    0.151ms ,    0.141ms
sublime         , ssbo_instr_combo_6        ,   11.014ms ,   31.250ms ,    0.626ms ,    0.177ms ,    0.000ms ,    0.414ms ,    0.006ms ,    0.079ms ,    0.000ms ,    0.005ms ,    0.000ms ,    0.038ms ,    0.000ms ,    0.011ms ,    0.001ms ,    0.004ms ,    0.000ms ,    0.044ms ,    0.034ms ,    0.010ms ,    0.000ms ,    0.207ms ,    0.193ms ,    0.046ms ,    0.000ms ,    0.147ms ,    0.138ms
sublime         , ssbo_instr_combo_8        ,   11.384ms ,   15.625ms ,    0.608ms ,    0.159ms ,    0.000ms ,    0.440ms ,    0.005ms ,    0.072ms ,    0.000ms ,    0.005ms ,    0.000ms ,    0.028ms ,    0.000ms ,    0.010ms ,    0.001ms ,    0.010ms ,    0.000ms ,    0.043ms ,    0.034ms ,    0.009ms ,    0.000ms ,    0.236ms ,    0.222ms ,    0.040ms ,    0.000ms ,    0.146ms ,    0.136ms
sublime         , ssbo_instr_combo_10       ,   13.219ms ,   31.250ms ,    1.043ms ,    0.148ms ,    0.000ms ,    0.675ms ,    0.005ms ,    0.068ms ,    0.000ms ,    0.005ms ,    0.000ms ,    0.032ms ,    0.000ms ,    0.010ms ,    0.001ms ,    0.003ms ,    0.000ms ,    0.047ms ,    0.034ms ,    0.008ms ,    0.000ms ,    0.313ms ,    0.299ms ,    0.037ms ,    0.000ms ,    0.299ms ,    0.288ms
sublime         , ssbo_instr_combo_20       ,   18.185ms ,   31.250ms ,    1.239ms ,    0.158ms ,    0.000ms ,    0.962ms ,    0.004ms ,    0.074ms ,    0.000ms ,    0.005ms ,    0.000ms ,    0.026ms ,    0.000ms ,    0.011ms ,    0.001ms ,    0.009ms ,    0.000ms ,    0.048ms ,    0.034ms ,    0.009ms ,    0.000ms ,    0.560ms ,    0.546ms ,    0.040ms ,    0.000ms ,    0.338ms ,    0.327ms
sublime         , one_ssbo_ext_no_sdf       ,   34.112ms ,   93.750ms ,    0.524ms ,    0.192ms ,    0.000ms ,    0.354ms ,    0.005ms ,    0.087ms ,    0.000ms ,    0.005ms ,    0.000ms ,    0.042ms ,    0.000ms ,    0.010ms ,    0.001ms ,    0.003ms ,    0.000ms ,    0.047ms ,    0.034ms ,    0.018ms ,    0.000ms ,    0.140ms ,    0.127ms ,    0.042ms ,    0.000ms ,    0.152ms ,    0.136ms
sublime         , one_ssbo_ext_sdf_list     ,   46.094ms ,   93.750ms ,    0.651ms ,    0.311ms ,    0.000ms ,    0.480ms ,    0.007ms ,    0.178ms ,    0.000ms ,    0.005ms ,    0.000ms ,    0.066ms ,    0.000ms ,    0.010ms ,    0.001ms ,    0.004ms ,    0.000ms ,    0.047ms ,    0.034ms ,    0.013ms ,    0.000ms ,    0.273ms ,    0.259ms ,    0.050ms ,    0.000ms ,    0.146ms ,    0.137ms
sublime         , one_ssbo_ext_one_sdf      ,   37.628ms ,   62.500ms ,    0.617ms ,    0.175ms ,    0.000ms ,    0.443ms ,    0.004ms ,    0.035ms ,    0.000ms ,    0.005ms ,    0.000ms ,    0.080ms ,    0.000ms ,    0.010ms ,    0.001ms ,    0.002ms ,    0.000ms ,    0.047ms ,    0.034ms ,    0.019ms ,    0.000ms ,    0.235ms ,    0.222ms ,    0.039ms ,    0.000ms ,    0.147ms ,    0.138ms
sublime         , one_ssbo_ext_one_sdf_pack ,   39.078ms ,   93.750ms ,    0.816ms ,    0.172ms ,    0.000ms ,    0.603ms ,    0.005ms ,    0.040ms ,    0.000ms ,    0.005ms ,    0.000ms ,    0.066ms ,    0.000ms ,    0.010ms ,    0.001ms ,    0.004ms ,    0.000ms ,    0.047ms ,    0.034ms ,    0.019ms ,    0.000ms ,    0.263ms ,    0.254ms ,    0.043ms ,    0.000ms ,    0.278ms ,    0.268ms
sublime         , inst_div                  ,   31.312ms ,   62.500ms ,    0.571ms ,    0.168ms ,    0.000ms ,    0.407ms ,    0.004ms ,    0.066ms ,    0.000ms ,    0.005ms ,    0.000ms ,    0.043ms ,    0.000ms ,    0.010ms ,    0.001ms ,    0.008ms ,    0.000ms ,    0.047ms ,    0.034ms ,    0.010ms ,    0.000ms ,    0.198ms ,    0.186ms ,    0.041ms ,    0.000ms ,    0.147ms ,    0.137ms
mediaplayer     , 1rect_1draw               ,    0.630ms ,    0.000ms ,    0.463ms ,    0.076ms ,    0.000ms ,    0.318ms ,    0.002ms ,    0.001ms ,    0.000ms ,    0.005ms ,    0.000ms ,    0.002ms ,    0.000ms ,    0.011ms ,    0.001ms ,    0.003ms ,    0.000ms ,    0.048ms ,    0.034ms ,    0.034ms ,    0.000ms ,    0.108ms ,    0.095ms ,    0.036ms ,    0.000ms ,    0.146ms ,    0.136ms
mediaplayer     , simple_vbo                ,    0.616ms ,    0.000ms ,    0.404ms ,    0.063ms ,    0.000ms ,    0.276ms ,    0.003ms ,    0.000ms ,    0.000ms ,    0.005ms ,    0.000ms ,    0.003ms ,    0.000ms ,    0.010ms ,    0.001ms ,    0.002ms ,    0.000ms ,    0.043ms ,    0.034ms ,    0.004ms ,    0.000ms ,    0.071ms ,    0.057ms ,    0.054ms ,    0.000ms ,    0.147ms ,    0.137ms
mediaplayer     , simple_vbo_stor           ,    0.603ms ,    0.000ms ,    0.454ms ,    0.045ms ,    0.000ms ,    0.279ms ,    0.003ms ,    0.001ms ,    0.000ms ,    0.005ms ,    0.000ms ,    0.004ms ,    0.000ms ,    0.013ms ,    0.001ms ,    0.002ms ,    0.000ms ,    0.044ms ,    0.034ms ,    0.004ms ,    0.000ms ,    0.071ms ,    0.056ms ,    0.034ms ,    0.000ms ,    0.146ms ,    0.136ms
mediaplayer     , complete_vbo              ,    0.642ms ,    0.000ms ,    0.472ms ,    0.056ms ,    0.000ms ,    0.319ms ,    0.004ms ,    0.003ms ,    0.000ms ,    0.005ms ,    0.000ms ,    0.004ms ,    0.000ms ,    0.011ms ,    0.001ms ,    0.003ms ,    0.000ms ,    0.048ms ,    0.034ms ,    0.011ms ,    0.000ms ,    0.102ms ,    0.088ms ,    0.035ms ,    0.000ms ,    0.152ms ,    0.137ms
mediaplayer     , one_ssbo                  ,    0.638ms ,    0.000ms ,    0.499ms ,    0.039ms ,    0.000ms ,    0.319ms ,    0.002ms ,    0.001ms ,    0.000ms ,    0.005ms ,    0.000ms ,    0.002ms ,    0.000ms ,    0.011ms ,    0.001ms ,    0.002ms ,    0.000ms ,    0.048ms ,    0.034ms ,    0.006ms ,    0.000ms ,    0.109ms ,    0.095ms ,    0.028ms ,    0.000ms ,    0.146ms ,    0.136ms
mediaplayer     , ssbo_instr_list           ,    0.620ms ,    0.000ms ,    0.513ms ,    0.041ms ,    0.000ms ,    0.352ms ,    0.003ms ,    0.001ms ,    0.000ms ,    0.005ms ,    0.000ms ,    0.003ms ,    0.000ms ,    0.010ms ,    0.001ms ,    0.003ms ,    0.000ms ,    0.047ms ,    0.034ms ,    0.006ms ,    0.000ms ,    0.143ms ,    0.129ms ,    0.028ms ,    0.000ms ,    0.147ms ,    0.137ms
mediaplayer     , ssbo_inlined_instr_6      ,    0.677ms ,    0.000ms ,    0.564ms ,    0.042ms ,    0.000ms ,    0.383ms ,    0.003ms ,    0.001ms ,    0.000ms ,    0.005ms ,    0.000ms ,    0.003ms ,    0.000ms ,    0.011ms ,    0.001ms ,    0.002ms ,    0.000ms ,    0.048ms ,    0.034ms ,    0.006ms ,    0.000ms ,    0.166ms ,    0.153ms ,    0.030ms ,    0.000ms ,    0.152ms ,    0.143ms
mediaplayer     , ssbo_inlined_instr_4_4    ,    0.665ms ,    0.000ms ,    0.548ms ,    0.041ms ,    0.000ms ,    0.362ms ,    0.002ms ,    0.001ms ,    0.000ms ,    0.005ms ,    0.000ms ,    0.003ms ,    0.000ms ,    0.011ms ,    0.001ms ,    0.001ms ,    0.000ms ,    0.044ms ,    0.034ms ,    0.006ms ,    0.000ms ,    0.155ms ,    0.141ms ,    0.030ms ,    0.000ms ,    0.147ms ,    0.137ms
mediaplayer     , ssbo_inlined_instr_6_6    ,    0.668ms ,    0.000ms ,    0.513ms ,    0.043ms ,    0.000ms ,    0.369ms ,    0.002ms ,    0.001ms ,    0.000ms ,    0.005ms ,    0.000ms ,    0.003ms ,    0.000ms ,    0.010ms ,    0.001ms ,    0.002ms ,    0.000ms ,    0.043ms ,    0.034ms ,    0.006ms ,    0.000ms ,    0.165ms ,    0.152ms ,    0.031ms ,    0.000ms ,    0.146ms ,    0.136ms
mediaplayer     , ssbo_inlined_instr_8_8    ,    0.660ms ,    0.000ms ,    0.542ms ,    0.038ms ,    0.000ms ,    0.387ms ,    0.002ms ,    0.001ms ,    0.000ms ,    0.005ms ,    0.000ms ,    0.003ms ,    0.000ms ,    0.011ms ,    0.001ms ,    0.001ms ,    0.000ms ,    0.047ms ,    0.034ms ,    0.006ms ,    0.000ms ,    0.177ms ,    0.164ms ,    0.027ms ,    0.000ms ,    0.147ms ,    0.137ms
mediaplayer     , ssbo_inlined_instr_10_10  ,    0.839ms ,    0.000ms ,    0.742ms ,    0.034ms ,    0.000ms ,    0.539ms ,    0.002ms ,    0.001ms ,    0.000ms ,    0.005ms ,    0.000ms ,    0.002ms ,    0.000ms ,    0.010ms ,    0.001ms ,    0.002ms ,    0.000ms ,    0.047ms ,    0.034ms ,    0.004ms ,    0.000ms ,    0.189ms ,    0.174ms ,    0.025ms ,    0.000ms ,    0.288ms ,    0.277ms
mediaplayer     , ssbo_inlined_instr_20_20  ,    0.900ms ,    0.000ms ,    0.806ms ,    0.036ms ,    0.000ms ,    0.638ms ,    0.003ms ,    0.002ms ,    0.000ms ,    0.005ms ,    0.000ms ,    0.002ms ,    0.000ms ,    0.011ms ,    0.001ms ,    0.002ms ,    0.000ms ,    0.048ms ,    0.034ms ,    0.005ms ,    0.000ms ,    0.427ms ,    0.413ms ,    0.025ms ,    0.000ms ,    0.147ms ,    0.137ms
mediaplayer     , ssbo_inlined_instr_4_6    ,    0.636ms ,    0.000ms ,    0.538ms ,    0.034ms ,    0.000ms ,    0.370ms ,    0.002ms ,    0.001ms ,    0.000ms ,    0.005ms ,    0.000ms ,    0.002ms ,    0.000ms ,    0.010ms ,    0.001ms ,    0.001ms ,    0.000ms ,    0.047ms ,    0.034ms ,    0.005ms ,    0.000ms ,    0.164ms ,    0.152ms ,    0.025ms ,    0.000ms ,    0.144ms ,    0.136ms
mediaplayer     , ssbo_inlined_instr_4_8    ,    0.688ms ,    0.000ms ,    0.528ms ,    0.041ms ,    0.000ms ,    0.382ms ,    0.002ms ,    0.002ms ,    0.000ms ,    0.005ms ,    0.000ms ,    0.002ms ,    0.000ms ,    0.010ms ,    0.001ms ,    0.002ms ,    0.000ms ,    0.047ms ,    0.034ms ,    0.006ms ,    0.000ms ,    0.175ms ,    0.162ms ,    0.029ms ,    0.000ms ,    0.146ms ,    0.137ms
mediaplayer     , ssbo_inlined_instr_4_10   ,    0.784ms ,    0.000ms ,    0.567ms ,    0.045ms ,    0.000ms ,    0.390ms ,    0.003ms ,    0.001ms ,    0.000ms ,    0.005ms ,    0.000ms ,    0.002ms ,    0.000ms ,    0.010ms ,    0.001ms ,    0.002ms ,    0.000ms ,    0.043ms ,    0.034ms ,    0.006ms ,    0.000ms ,    0.188ms ,    0.176ms ,    0.034ms ,    0.000ms ,    0.144ms ,    0.136ms
mediaplayer     , ssbo_inlined_instr_4_20   ,    0.933ms ,    0.000ms ,    0.797ms ,    0.041ms ,    0.000ms ,    0.633ms ,    0.005ms ,    0.001ms ,    0.000ms ,    0.005ms ,    0.000ms ,    0.003ms ,    0.000ms ,    0.010ms ,    0.001ms ,    0.001ms ,    0.000ms ,    0.047ms ,    0.034ms ,    0.006ms ,    0.000ms ,    0.426ms ,    0.414ms ,    0.030ms ,    0.000ms ,    0.145ms ,    0.137ms
mediaplayer     , ssbo_inlined_instr_6_4    ,    0.654ms ,    0.000ms ,    0.518ms ,    0.038ms ,    0.000ms ,    0.367ms ,    0.002ms ,    0.001ms ,    0.000ms ,    0.005ms ,    0.000ms ,    0.003ms ,    0.000ms ,    0.011ms ,    0.001ms ,    0.002ms ,    0.000ms ,    0.052ms ,    0.034ms ,    0.004ms ,    0.000ms ,    0.153ms ,    0.140ms ,    0.028ms ,    0.000ms ,    0.145ms ,    0.136ms
mediaplayer     , ssbo_inlined_instr_8_4    ,    0.634ms ,    0.000ms ,    0.522ms ,    0.038ms ,    0.000ms ,    0.359ms ,    0.002ms ,    0.001ms ,    0.000ms ,    0.005ms ,    0.000ms ,    0.003ms ,    0.000ms ,    0.010ms ,    0.001ms ,    0.002ms ,    0.000ms ,    0.043ms ,    0.034ms ,    0.005ms ,    0.000ms ,    0.155ms ,    0.141ms ,    0.027ms ,    0.000ms ,    0.147ms ,    0.137ms
mediaplayer     , ssbo_inlined_instr_10_4   ,    0.667ms ,    0.000ms ,    0.514ms ,    0.039ms ,    0.000ms ,    0.363ms ,    0.003ms ,    0.001ms ,    0.000ms ,    0.005ms ,    0.000ms ,    0.003ms ,    0.000ms ,    0.011ms ,    0.001ms ,    0.002ms ,    0.000ms ,    0.048ms ,    0.034ms ,    0.006ms ,    0.000ms ,    0.153ms ,    0.140ms ,    0.027ms ,    0.000ms ,    0.146ms ,    0.136ms
mediaplayer     , ssbo_inlined_instr_20_4   ,    0.703ms ,    0.000ms ,    0.547ms ,    0.057ms ,    0.000ms ,    0.366ms ,    0.003ms ,    0.002ms ,    0.000ms ,    0.005ms ,    0.000ms ,    0.003ms ,    0.000ms ,    0.011ms ,    0.001ms ,    0.003ms ,    0.000ms ,    0.050ms ,    0.034ms ,    0.008ms ,    0.000ms ,    0.154ms ,    0.140ms ,    0.041ms ,    0.000ms ,    0.147ms ,    0.137ms
mediaplayer     , ssbo_instr_combo_4        ,    0.691ms ,    0.000ms ,    0.558ms ,    0.035ms ,    0.000ms ,    0.370ms ,    0.002ms ,    0.001ms ,    0.000ms ,    0.005ms ,    0.000ms ,    0.002ms ,    0.000ms ,    0.011ms ,    0.001ms ,    0.002ms ,    0.000ms ,    0.048ms ,    0.034ms ,    0.005ms ,    0.000ms ,    0.162ms ,    0.142ms ,    0.025ms ,    0.000ms ,    0.144ms ,    0.135ms
mediaplayer     , ssbo_instr_combo_6        ,    0.636ms ,   31.250ms ,    0.547ms ,    0.034ms ,    0.000ms ,    0.377ms ,    0.002ms ,    0.001ms ,    0.000ms ,    0.005ms ,    0.000ms ,    0.002ms ,    0.000ms ,    0.010ms ,    0.001ms ,    0.002ms ,    0.000ms ,    0.047ms ,    0.034ms ,    0.005ms ,    0.000ms ,    0.168ms ,    0.155ms ,    0.024ms ,    0.000ms ,    0.147ms ,    0.137ms
mediaplayer     , ssbo_instr_combo_8        ,    0.697ms ,    0.000ms ,    0.519ms ,    0.032ms ,    0.000ms ,    0.400ms ,    0.002ms ,    0.001ms ,    0.000ms ,    0.005ms ,    0.000ms ,    0.002ms ,    0.000ms ,    0.010ms ,    0.001ms ,    0.001ms ,    0.000ms ,    0.050ms ,    0.034ms ,    0.004ms ,    0.000ms ,    0.183ms ,    0.169ms ,    0.024ms ,    0.000ms ,    0.152ms ,    0.136ms
mediaplayer     , ssbo_instr_combo_10       ,    0.730ms ,    0.000ms ,    0.596ms ,    0.035ms ,    0.000ms ,    0.450ms ,    0.002ms ,    0.001ms ,    0.000ms ,    0.005ms ,    0.000ms ,    0.003ms ,    0.000ms ,    0.011ms ,    0.001ms ,    0.001ms ,    0.000ms ,    0.048ms ,    0.034ms ,    0.005ms ,    0.000ms ,    0.239ms ,    0.224ms ,    0.025ms ,    0.000ms ,    0.147ms ,    0.138ms
mediaplayer     , ssbo_instr_combo_20       ,    0.926ms ,    0.000ms ,    0.781ms ,    0.037ms ,    0.000ms ,    0.639ms ,    0.002ms ,    0.001ms ,    0.000ms ,    0.005ms ,    0.000ms ,    0.002ms ,    0.000ms ,    0.010ms ,    0.001ms ,    0.002ms ,    0.000ms ,    0.047ms ,    0.034ms ,    0.004ms ,    0.000ms ,    0.431ms ,    0.417ms ,    0.028ms ,    0.000ms ,    0.146ms ,    0.136ms
mediaplayer     , one_ssbo_ext_no_sdf       ,    0.629ms ,    0.000ms ,    0.481ms ,    0.041ms ,    0.000ms ,    0.315ms ,    0.003ms ,    0.001ms ,    0.000ms ,    0.005ms ,    0.000ms ,    0.002ms ,    0.000ms ,    0.011ms ,    0.001ms ,    0.002ms ,    0.000ms ,    0.048ms ,    0.034ms ,    0.006ms ,    0.000ms ,    0.104ms ,    0.090ms ,    0.030ms ,    0.000ms ,    0.147ms ,    0.137ms
mediaplayer     , one_ssbo_ext_sdf_list     ,    0.674ms ,    0.000ms ,    0.595ms ,    0.038ms ,    0.000ms ,    0.408ms ,    0.002ms ,    0.001ms ,    0.000ms ,    0.005ms ,    0.000ms ,    0.002ms ,    0.000ms ,    0.011ms ,    0.001ms ,    0.002ms ,    0.000ms ,    0.048ms ,    0.034ms ,    0.005ms ,    0.000ms ,    0.199ms ,    0.185ms ,    0.028ms ,    0.000ms ,    0.145ms ,    0.136ms
mediaplayer     , one_ssbo_ext_one_sdf      ,    0.731ms ,    0.000ms ,    0.570ms ,    0.053ms ,    0.000ms ,    0.378ms ,    0.004ms ,    0.001ms ,    0.000ms ,    0.005ms ,    0.000ms ,    0.006ms ,    0.000ms ,    0.011ms ,    0.001ms ,    0.002ms ,    0.000ms ,    0.044ms ,    0.034ms ,    0.008ms ,    0.000ms ,    0.171ms ,    0.158ms ,    0.036ms ,    0.000ms ,    0.147ms ,    0.137ms
mediaplayer     , one_ssbo_ext_one_sdf_pack ,    0.679ms ,    0.000ms ,    0.559ms ,    0.047ms ,    0.000ms ,    0.401ms ,    0.003ms ,    0.000ms ,    0.000ms ,    0.005ms ,    0.000ms ,    0.006ms ,    0.000ms ,    0.010ms ,    0.001ms ,    0.003ms ,    0.000ms ,    0.048ms ,    0.034ms ,    0.006ms ,    0.000ms ,    0.193ms ,    0.179ms ,    0.032ms ,    0.000ms ,    0.144ms ,    0.136ms
mediaplayer     , inst_div                  ,    0.658ms ,    0.000ms ,    0.492ms ,    0.044ms ,    0.000ms ,    0.348ms ,    0.003ms ,    0.001ms ,    0.000ms ,    0.005ms ,    0.000ms ,    0.004ms ,    0.000ms ,    0.010ms ,    0.001ms ,    0.002ms ,    0.000ms ,    0.043ms ,    0.034ms ,    0.005ms ,    0.000ms ,    0.144ms ,    0.132ms ,    0.032ms ,    0.000ms ,    0.146ms ,    0.137ms
demo            , one_ssbo_ext_one_sdf_demo ,    0.637ms ,    0.000ms ,    0.395ms ,    0.095ms ,    0.000ms ,    0.239ms ,    0.003ms ,    0.001ms ,    0.000ms ,    0.005ms ,    0.000ms ,    0.007ms ,    0.000ms ,    0.010ms ,    0.001ms ,    0.002ms ,    0.000ms ,    0.047ms ,    0.034ms ,    0.008ms ,    0.000ms ,    0.035ms ,    0.025ms ,    0.077ms ,    0.000ms ,    0.143ms ,    0.135ms
